번호,이름,UV 묶음,Blender 오브젝트,접촉면 경계,열린 재봉 경계
H01,머리 둘레 가시 01,head-01,Thorn_01,H01-D01,
H02,머리 둘레 가시 02,head-01,Thorn_02,H02-D01,
H03,머리 둘레 가시 03,head-01,Thorn_03,H03-D01,
H04,머리 둘레 가시 04,head-01,Thorn_04,H04-D01,
H05,머리 둘레 가시 05,head-01,Thorn_05,H05-D01,
H06,머리 둘레 가시 06,head-01,Thorn_06,H06-D01,
H07,머리 둘레 가시 07,head-01,Thorn_07,H07-D01,
H08,머리 둘레 가시 08,head-01,Thorn_08,H08-D01,
H09,머리 둘레 가시 09,head-02,Thorn_09,H09-D01,
H10,머리 둘레 가시 10,head-02,Thorn_10,H10-D01,
H11,머리 둘레 가시 11,head-02,Thorn_11,H11-D01,
H12,머리 둘레 가시 12,head-02,Thorn_12,H12-D01,
H13,머리 둘레 가시 13,head-02,Thorn_13,H13-D01,
H14,머리 둘레 가시 14,head-02,Thorn_14,H14-D01,
H15,머리 둘레 가시 15,head-02,Thorn_15,H15-D01,
H16,머리 둘레 가시 16,head-02,Thorn_16,H16-D01,
H17,머리 둘레 가시 17,head-03,Thorn_17,H17-D01,
H18,머리 둘레 가시 18,head-03,Thorn_18,H18-D01,
H19,머리 둘레 가시 19,head-03,Thorn_19,H19-D01,
H20,머리 둘레 가시 20,head-03,Thorn_20,H20-D01,
H21,머리 둘레 가시 21,head-03,Thorn_21,H21-D01,
H22,머리 둘레 가시 22,head-03,Thorn_22,H22-D01,
H23,머리 둘레 가시 23,head-03,Thorn_23,H23-D01,
H24,머리 둘레 가시 24,head-03,Thorn_24,H24-D01,
H25,머리 둘레 가시 25,head-04,Thorn_25,H25-D01,
H26,갈래 가시 · 본가시 03,head-04,ThornBranch_03,H26-D01,
H27,갈래 가시 · 본가시 08,head-04,ThornBranch_08,H27-D01,
H28,갈래 가시 · 본가시 12,head-04,ThornBranch_12,H28-D01,
H29,갈래 가시 · 본가시 17,head-04,ThornBranch_17,H29-D01,
H30,갈래 가시 · 본가시 21,head-04,ThornBranch_21,H30-D01; H30-D02,
H31,입 바로 위 가시 · 앞 왼쪽,head-05,BrowSpine_01_front_L,H31-D01,
H32,입 바로 위 가시 · 앞 중앙,head-05,BrowSpine_02_front_C,H32-D01,
H33,입 바로 위 가시 · 앞 오른쪽,head-05,BrowSpine_03_front_R,H33-D01,
H34,입 바로 위 가시 · 중간 왼쪽,head-05,BrowSpine_04_middle_L,H34-D01,
H35,입 바로 위 가시 · 중간 오른쪽,head-05,BrowSpine_05_middle_R,H35-D01,
H36,입 바로 위 가시 · 옆 왼쪽,head-05,BrowSpine_06_side_L,H36-D01; H36-D02,
H37,입 바로 위 가시 · 옆 오른쪽,head-05,BrowSpine_07_side_R,H37-D01; H37-D02,
