표시 번호,경계 ID,파츠 1,파츠 2,3D 경계 길이(mm),양쪽 좌표 최대차(mm),대응 검증
S02,S-J01-T03-01,J01,T03,1319.051,0.0,일치
S03,S-J01-T04-01,J01,T04,1559.054,0.0,일치
S04,S-J01-T05-01,J01,T05,1180.858,0.0,일치
S05,S-J01-T06-01,J01,T06,1167.816,0.0,일치
S06,S-J01-T21-01,J01,T21,368.438,0.0,일치
S07,S-J01-T22-01,J01,T22,405.266,0.0,일치
S08,S-T05-T21-01,T05,T21,607.549,0.0,일치
S09,S-T05-T21-02,T05,T21,702.317,0.0,일치
S10,S-T06-T22-01,T06,T22,611.254,0.0,일치
S11,S-T06-T22-02,T06,T22,702.678,0.0,일치
S12,S-T21-T22-01,T21,T22,1530.381,0.0,일치
S13,S-J01-L01-01,J01,L01,342.598,3e-06,일치
S14,S-J01-L01-02,J01,L01,130.529,0.000117,일치
S15,S-J01-L01-03,J01,L01,130.775,3e-06,일치
S16,S-T03-L01-01,T03,L01,333.193,2e-06,일치
S17,S-T04-L01-01,T04,L01,625.098,4e-06,일치
S18,S-T05-L01-01,T05,L01,289.126,0.000208,일치
S19,S-T06-L01-01,T06,L01,310.553,0.0,일치
S20,S-T21-L01-01,T21,L01,358.685,1e-06,일치
S21,S-T22-L01-01,T22,L01,346.746,2e-06,일치
